{"count":1,"self":17.4079728,"total":125.90182899999999,"children":{"InitializeActuators":{"count":1,"self":0.00099899999999999989,"total":0.00099899999999999989,"children":null},"InitializeSensors":{"count":1,"self":0.0019974999999999997,"total":0.0019974999999999997,"children":null},"AgentSendState":{"count":21054,"self":0.26625489999999996,"total":17.5091538,"children":{"CollectObservations":{"count":21026,"self":4.8303924,"total":4.8303924999999994,"children":null},"WriteActionMask":{"count":21026,"self":5.9206872,"total":5.9206872,"children":null},"RequestDecision":{"count":21026,"self":0.16603379999999998,"total":6.4918192,"children":{"AgentInfo.ToProto":{"count":21026,"self":0.1773053,"total":6.3257854,"children":{"GenerateSensorData":{"count":21026,"self":6.1484799999999993,"total":6.1484801,"children":null}}}}}}},"DecideAction":{"count":21054,"self":84.4716864,"total":84.471683599999992,"children":null},"AgentAct":{"count":21054,"self":6.5070239999999995,"total":6.5090224999999995,"children":{"AgentInfo.ToProto":{"count":7,"self":0,"total":0.0019984,"children":{"GenerateSensorData":{"count":7,"self":0.0019984,"total":0.0019984,"children":null}}}}}},"gauges":{"CarcassonneTest.CumulativeReward":{"count":7,"max":-4.68386459,"min":-12.2834206,"runningAverage":-7.8214283,"value":-4.68386459,"weightedAverage":-6.93313265}},"metadata":{"timer_format_version":"0.1.0","start_time_seconds":"1635335196","unity_version":"2020.3.19f1","command_line_arguments":"D:\\Program Files\\Unity\\2020.3.19f1\\Editor\\Unity.exe -projectpath D:\/Unity projects\/cARcassonne -useHub -hubIPC -cloudEnvironment production -hubSessionId d2703cc0-3713-11ec-81e0-11976d69de7e -accessToken jXlQGwF2xxnK3nz_b3NrgBTeZQT1iIbcfr7kHdHiaDk005f","communication_protocol_version":"1.5.0","com.unity.ml-agents_version":"2.0.0","scene_name":"GameScene","end_time_seconds":"1635335322"}}