{"count":1,"self":2243.3175552,"total":15963.668092999998,"children":{"InitializeActuators":{"count":2,"self":0.006088,"total":0.006088,"children":null},"InitializeSensors":{"count":2,"self":0.0044659999999999995,"total":0.0044659999999999995,"children":null},"AgentSendState":{"count":1784784,"self":27.978614399999998,"total":1552.829726,"children":{"CollectObservations":{"count":1756156,"self":1339.8330368,"total":1339.83304,"children":null},"WriteActionMask":{"count":1756156,"self":63.2180672,"total":63.218069,"children":null},"RequestDecision":{"count":1756156,"self":15.1742832,"total":121.800004,"children":{"AgentInfo.ToProto":{"count":1756156,"self":13.968150399999999,"total":106.625721,"children":{"GenerateSensorData":{"count":1756156,"self":92.657568,"total":92.65757099999999,"children":null}}}}}}},"DecideAction":{"count":1784784,"self":7716.3323391999993,"total":7716.3326799999995,"children":null},"AgentAct":{"count":1784784,"self":4451.1408127999994,"total":4451.164224,"children":{"AgentInfo.ToProto":{"count":393,"self":0.006313,"total":0.023445999999999998,"children":{"GenerateSensorData":{"count":393,"self":0.017133,"total":0.017133,"children":null}}}}}},"gauges":{"Carcassonne.CumulativeReward":{"count":393,"max":1.35602283,"min":-18.9226589,"runningAverage":-2.79801321,"value":-1.26404,"weightedAverage":-2.48193884}},"metadata":{"timer_format_version":"0.1.0","start_time_seconds":"1646849356","unity_version":"2020.3.19f1","command_line_arguments":"\/Applications\/Unity\/Hub\/Editor\/2020.3.19f1\/Unity.app\/Contents\/MacOS\/Unity -projectpath \/Users\/am0472\/Documents\/carcassone\/cARcassonne -useHub -hubIPC -cloudEnvironment production -licensingIpc LicenseClient-am0472 -hubSessionId bf2b3150-9ede-11ec-983e-236c5b1d9d0b -accessToken HpLgaZwngFjbyU0aHemUCUTCIoSYdZIP9-zT7i8dzpU005f","communication_protocol_version":"1.5.0","com.unity.ml-agents_version":"2.1.0-exp.1","scene_name":"OneBoardScene","end_time_seconds":"1646865319"}}